{
    "DoorFrame.002|-2.979|0.014|0.084": [
        82,
        149,
        212
    ],
    "Door": [
        244,
        78,
        20
    ],
    "DecorativePanelIGuess|0|0|0": [
        211,
        183,
        203
    ],
    "WallCabinetBody": [
        214,
        131,
        233
    ],
    "StoveBurner|-03.15|+00.96|+02.37": [
        65,
        37,
        169
    ],
    "StoveBurner": [
        156,
        249,
        101
    ],
    "Cabinet|-03.37|+01.93|+03.96": [
        206,
        115,
        222
    ],
    "Cabinet": [
        210,
        149,
        89
    ],
    "Cabinet|-03.37|+01.93|+02.68": [
        73,
        81,
        207
    ],
    "Floor|-01.72|-00.08|+02.08": [
        163,
        208,
        147
    ],
    "Floor": [
        243,
        246,
        208
    ],
    "Cylinder.059|-3.571797|1.415635|2.162637": [
        8,
        216,
        130
    ],
    "CeilingLight": [
        230,
        113,
        120
    ],
    "Cabinet|-03.35|+02.21|+02.65": [
        83,
        202,
        202
    ],
    "Cube.540|0|0|0": [
        178,
        18,
        45
    ],
    "Ceiling|0|2.120585E-05|-0.06136392": [
        59,
        90,
        217
    ],
    "Ceiling": [
        50,
        55,
        251
    ],
    "Handle_Back.002|0|0|0": [
        56,
        64,
        156
    ],
    "Cabinet|-02.19|+00.39|+03.47": [
        177,
        132,
        119
    ],
    "Cabinet|-02.21|+00.39|+03.46": [
        223,
        60,
        16
    ],
    "Cabinet|-03.35|+02.21|+01.72": [
        160,
        0,
        97
    ],
    "Drawer|-03.12|+00.78|+03.30": [
        146,
        157,
        121
    ],
    "Drawer": [
        155,
        30,
        210
    ],
    "StoveBurner|-03.42|+00.96|+02.37": [
        132,
        173,
        115
    ],
    "Window|-01.43|+01.34|-00.35": [
        22,
        52,
        22
    ],
    "Window": [
        200,
        150,
        134
    ],
    "Mug|-03.46|+00.91|+01.19": [
        186,
        31,
        71
    ],
    "Mug": [
        8,
        94,
        186
    ],
    "Cube.528|0|0|0": [
        12,
        200,
        127
    ],
    "Sphere.041|-1.720402|2.694078|2.245231": [
        248,
        87,
        179
    ],
    "LightFixture": [
        37,
        13,
        19
    ],
    "Door.003|0|0|0": [
        240,
        219,
        175
    ],
    "StoveBurner|-03.14|+00.96|+01.97": [
        246,
        141,
        37
    ],
    "Door.002|-2.756|0.014|-2.389": [
        146,
        174,
        182
    ],
    "Cube.527|0|0|0": [
        181,
        97,
        214
    ],
    "Sink|-01.80|+00.92|+03.66": [
        185,
        223,
        51
    ],
    "Sink": [
        30,
        181,
        88
    ],
    "StoveBurner|-03.42|+00.96|+01.97": [
        185,
        137,
        229
    ],
    "Cabinet|-01.42|+00.39|+03.46": [
        227,
        191,
        4
    ],
    "Baseboard.025|0|0|0": [
        78,
        155,
        196
    ],
    "Wall": [
        148,
        232,
        164
    ],
    "Cube.537|0|0|0": [
        247,
        197,
        28
    ],
    "Cabinet|-02.99|+00.39|+02.68": [
        255,
        116,
        50
    ],
    "Drawer|-03.12|+00.78|+02.92": [
        83,
        71,
        99
    ],
    "Drawer|-03.12|+00.78|+01.36": [
        95,
        149,
        147
    ],
    "Sphere.042": [
        59,
        179,
        255
    ],
    "Cabinet|-02.96|+00.39|+03.46": [
        206,
        203,
        5
    ],
    "Cube.529|0|0|0": [
        46,
        29,
        69
    ],
    "Handle_Front.001|-2.756|0.014|-2.389": [
        22,
        236,
        123
    ],
    "DoorFrame.003|0|0|0": [
        66,
        77,
        206
    ],
    "Cabinet|-03.37|+01.93|+01.06": [
        137,
        91,
        102
    ],
    "Cabinet|-02.99|+00.39|+01.04": [
        115,
        153,
        89
    ],
    "Cube.539|0|0|0": [
        91,
        184,
        122
    ],
    "Room.040|0|0|0": [
        27,
        94,
        185
    ],
    "OVENDOOR.001|-2.992903|0.2740512|2.158562": [
        107,
        18,
        104
    ],
    "Stove": [
        58,
        170,
        253
    ],
    "OVENDOORBOTTOM.001|-2.992848|0.1240513|2.158664": [
        192,
        67,
        153
    ],
    "StoveBase2|-3.333903|0.01405132|2.158739": [
        220,
        195,
        108
    ],
    "LightSwitch|+00.25|+01.38|+02.09": [
        36,
        60,
        208
    ],
    "LightSwitch": [
        11,
        51,
        121
    ],
    "SaltShaker|-01.73|+00.78|+03.77": [
        220,
        227,
        139
    ],
    "SaltShaker": [
        36,
        222,
        26
    ],
    "Toaster|-02.65|+00.90|+04.06": [
        43,
        172,
        69
    ],
    "Toaster": [
        55,
        33,
        114
    ],
    "Fridge|-00.44|+00.01|+04.00": [
        104,
        234,
        77
    ],
    "Fridge": [
        91,
        156,
        207
    ],
    "Kettle|-01.29|+00.77|+01.07": [
        76,
        37,
        145
    ],
    "Kettle": [
        7,
        83,
        48
    ],
    "Pan|-03.42|+00.97|+02.37": [
        230,
        125,
        250
    ],
    "Pan": [
        246,
        212,
        161
    ],
    "GarbageCan|-01.19|-00.02|+03.79": [
        16,
        186,
        83
    ],
    "GarbageCan": [
        225,
        40,
        55
    ],
    "Microwave|-03.48|+01.43|+02.18": [
        209,
        199,
        246
    ],
    "Microwave": [
        54,
        96,
        202
    ],
    "Apple|-01.41|+00.94|+00.35": [
        179,
        20,
        47
    ],
    "Apple": [
        159,
        98,
        144
    ],
    "TheHand": [
        73,
        98,
        207
    ],
    "StoveKnob|-03.60|+01.11|+02.43": [
        197,
        100,
        240
    ],
    "StoveKnob": [
        106,
        252,
        95
    ],
    "StoveKnob|-03.60|+01.11|+01.87": [
        155,
        6,
        204
    ],
    "StoveKnob|-03.60|+01.11|+02.27": [
        246,
        60,
        169
    ],
    "StoveKnob|-03.60|+01.11|+02.02": [
        163,
        77,
        190
    ],
    "Fork|-03.41|+01.54|+02.12": [
        60,
        3,
        209
    ],
    "Fork": [
        54,
        200,
        25
    ],
    "PepperShaker|-01.19|+00.05|+03.79": [
        207,
        172,
        134
    ],
    "PepperShaker": [
        5,
        204,
        214
    ],
    "Lettuce|-02.84|+00.16|+03.62": [
        26,
        231,
        172
    ],
    "Lettuce": [
        203,
        156,
        88
    ],
    "DishSponge|-01.73|+00.79|+03.63": [
        27,
        105,
        25
    ],
    "DishSponge": [
        166,
        58,
        136
    ],
    "Bowl|-03.46|+00.91|+01.52": [
        87,
        184,
        87
    ],
    "Bowl": [
        209,
        182,
        193
    ],
    "Egg|-01.16|+00.81|+01.02": [
        86,
        167,
        92
    ],
    "Egg": [
        240,
        75,
        163
    ],
    "Spatula|-03.08|+00.92|+01.11": [
        142,
        239,
        249
    ],
    "Spatula": [
        30,
        98,
        242
    ],
    "Pot|-03.14|+00.97|+01.97": [
        40,
        155,
        77
    ],
    "Pot": [
        132,
        237,
        87
    ],
    "Tomato|-00.21|+01.05|+03.99": [
        226,
        135,
        36
    ],
    "Tomato": [
        119,
        189,
        121
    ],
    "Spoon|-01.92|+00.79|+03.59": [
        158,
        169,
        3
    ],
    "Spoon": [
        235,
        57,
        90
    ],
    "Bread|-01.03|+00.96|+00.05": [
        248,
        63,
        77
    ],
    "Bread": [
        18,
        150,
        252
    ],
    "SoapBottle|-01.52|+00.78|+01.05": [
        15,
        171,
        155
    ],
    "SoapBottle": [
        168,
        222,
        137
    ],
    "CoffeeMachine|-03.55|+00.90|+03.27": [
        180,
        18,
        118
    ],
    "CoffeeMachine": [
        147,
        71,
        238
    ],